delta/B,5Eg(D),5T2g(D),3Eg (H),3T1g(H),3T1g(H),3T2g(H),3T1g(P),3A2g(F),3T2g(F),3T1g(F),3A1g(G),3Eg(G),3T1g(G),3T2g(G),1A1g(I),1A2g(I),1Eg(I),1T1g(I),1T2g(I),1T2g(I),3Eg(D),3T2g(D),1A1g(G),1Eg(G),1T2g(G),1T1g(G),1A1g(S),1Eg(D),1T2g(D),1A2g(F),1T1g(F),1T2g(F),3A2g(F),3T1g(F),3T2g(F),3T1g(P),1A1g(G),1Eg(G),1T1g(G),1T2g(G),1Eg(D),1T2g(D),1A1g(S)
0,0,0,22.4020101,22.4020101,22.4020101,22.4020101,25.554196,25.7456131,25.7456131,25.7456131,27.4020101,27.4020101,27.4020101,27.4020101,33.6030151,33.6030151,33.6030151,33.6030151,33.6030151,33.6030151,34.4020101,34.4020101,35.9841646,35.9841646,35.9841646,35.9841646,41.538843,43.1864183,43.1864183,48.6030151,48.6030151,48.6030151,56.8599146,56.8599146,56.8599146,57.0513317,65.0233731,65.0233731,65.0233731,65.0233731,85.8211193,85.8211193,112.471207
0.753768861,0,0.753768844,22.5393241,22.361446,23.1829108,23.0098555,25.7054008,25.8799698,26.1476018,26.6977312,27.4020101,27.7878995,27.7375302,28.3014472,34.3992902,33.7478882,33.4793907,34.3580503,33.5451595,34.2993957,34.6325754,35.0107412,37.1934611,36.564353,35.8933706,36.8770879,42.0844497,43.1388932,43.9718719,49.2119108,48.9859435,49.094995,57.4793266,57.0983932,57.3569874,57.6487475,65.0250678,65.4250427,65.2537927,65.9146093,86.5179497,86.1197927,112.933411
1.50753772,0,1.50753769,22.6532814,22.1616055,23.8105616,23.5191457,25.8217186,26.0091382,26.5875101,27.7764548,27.4020101,28.1645553,28.2667902,29.2310515,34.861941,33.8816922,33.2764146,34.8837437,33.3927123,34.8270314,34.8957312,35.6139899,38.4672236,37.1845905,36.0061043,37.9701181,42.855941,43.1002286,44.75075,49.8318756,49.3808103,49.6122475,58.1039271,57.2963417,57.8900113,58.3137613,65.0504008,65.8552462,65.5015088,66.8292714,87.2166847,86.4361533,113.415247
2.26130652,0,2.26130653,22.7484774,21.8450477,24.2353869,23.9263317,26.0933932,26.133358,27.0902563,28.5985377,27.4020101,28.524495,29.1898693,30.1713342,35.1377952,34.0054083,33.0204585,35.2706897,33.1442776,35.059152,35.1943643,36.2082889,39.612593,37.813397,36.4603216,39.1711583,43.8912751,43.0781219,45.5184523,50.4619284,49.7875967,50.149858,58.7334761,57.5044246,58.4605729,58.995652,65.1078053,66.3115013,65.7680415,67.7669309,87.9172249,86.7703543,113.916359
3.01507545,0,3.01507538,22.8286256,21.4422085,24.4557877,24.2410088,26.5592538,26.252853,27.6568178,29.208902,27.4020101,28.8618945,30.3940025,31.1133505,35.2946935,34.1199397,32.7237814,35.580843,32.8115892,35.1247651,35.5305842,36.790657,40.5806834,38.4310327,37.1231922,40.4162274,45.1611633,43.0824837,46.2711847,51.1011658,50.2066947,50.7041457,59.36775,57.7270955,59.0700251,59.6901382,65.2079422,66.7914673,66.0550302,68.7269611,88.6194761,87.1225842,114.436422
3.76884413,0,3.76884422,22.8966721,20.9757299,24.5503756,24.4813857,27.151951,26.3678405,28.2751658,29.8042312,27.4020101,29.1727688,31.6482111,32.0523467,35.3655327,34.2261106,32.3927889,35.8446784,32.4125138,35.1530251,35.9054334,37.3585942,41.4148982,39.0199987,37.854093,41.6720754,46.5761344,43.1266646,47.0057085,51.7487638,50.6391118,51.2725603,60.0065314,57.9660817,59.7194422,60.3958807,65.3642676,67.2929736,66.3642337,69.7085289,89.3233518,87.4930678,114.975148
4.52261305,0,4.52261307,22.9549296,20.4622161,24.5889259,24.6665,27.8031746,26.4785289,28.9302965,30.4024121,27.4020101,29.4549736,32.9159435,32.985549,35.3701859,34.3246721,32.0313681,36.0771043,31.9635038,35.1775578,36.3187399,37.9100955,42.1729975,39.560603,38.6081269,42.9199925,48.042,43.2285515,47.7191796,52.4039711,51.0867739,51.8535314,60.6496118,58.2226771,60.4095691,61.1121884,65.5935791,67.8140188,66.6975364,70.7105942,90.0287739,87.8820779,115.532293
5.27638197,0,5.27638191,23.0052161,19.9135138,24.6046307,24.8117927,28.4779925,26.5851156,29.6095691,31.0041394,27.4020101,29.7080427,34.1855867,33.9112688,35.3224158,34.4163053,31.6422601,36.2860817,31.4769598,35.2041294,36.7691545,38.443657,42.893397,40.0304183,39.3713618,44.146794,49.4864359,43.4097324,48.4090616,53.0661068,51.552902,52.4462877,61.296794,58.4981181,61.1407965,61.8386319,65.9162249,68.3527776,67.0569372,71.7318995,90.7356658,88.2899472,116.107656
6.03015089,0,6.03015075,23.0489585,19.3379724,24.6110075,24.9284146,29.1603178,26.6877902,30.3038266,31.6089523,27.4020101,29.9328643,35.4508216,34.8284736,35.2322563,34.5016281,31.2276495,36.4763178,30.9615955,35.2327312,37.2543568,38.958299,43.5963719,40.4095176,40.1385578,45.3406482,50.8560013,43.6896734,49.0731294,53.7345528,52.0425013,53.0506394,61.9478882,58.7936746,61.913147,62.5749422,66.3554887,68.9075892,67.4445528,72.7709862,91.4439623,88.7170854,116.701089
6.78391981,0,6.7839196,23.0872889,18.741495,24.6135804,25.0240741,29.8419322,26.7867299,31.0067676,32.2167663,27.4020101,30.1312927,36.7073317,35.7365465,35.1071495,34.5811947,30.7894384,36.6508781,30.4234812,35.2624485,37.7713681,39.4535704,44.2916206,40.6904296,40.9074221,46.4889837,52.1095716,44.0755088,49.7095239,54.408755,52.5628643,53.6667425,62.6027173,59.1106859,62.7262764,63.3209736,66.9354472,69.4769548,67.8626005,73.8261935,92.153598,89.1639874,117.312492
7.53768826,0,7.53768844,23.1211018,18.128309,24.6146784,25.1040729,30.5178367,26.882108,31.7140503,32.8280075,27.4020101,30.3057412,37.9517638,36.6351156,34.9526508,34.6555101,30.3293593,36.8119284,29.8669271,35.2924636,38.3168756,39.9295817,44.9834108,40.8830766,41.676848,47.5775013,53.2165264,44.5569975,50.3168467,55.0882085,53.1238191,54.2948681,63.261108,59.4505603,63.5794912,64.0766847,67.6769397,70.0595214,68.3133832,74.8956633,92.8645126,89.6312575,117.941829
8.29145718,0,8.29145729,23.1511193,17.501505,24.615309,25.1721005,31.1843844,26.9740867,32.4225641,33.4435427,27.4020101,30.4588543,39.1812714,37.5239058,34.7729209,34.7250264,29.8490289,36.9611005,29.2950741,35.322206,38.8875138,40.3870377,45.6732839,41.0079799,42.4462601,48.5904146,54.1586721,45.1132701,50.8942475,55.7724611,53.737157,54.9351872,63.9228982,59.8147726,64.4717789,64.8421294,68.5924397,70.6540741,68.7992663,75.977348,93.5766508,90.1196281,118.589116
9.0452261,0,9.04522613,23.1779209,16.8633869,24.6159008,25.2307739,31.8385402,27.0628204,33.1299334,34.0645616,27.4020101,30.5932663,40.3932977,38.4025565,34.5711068,34.790152,29.3499711,37.099691,28.7102764,35.3513103,39.4800691,40.8273405,46.3613568,41.0860151,43.2153543,49.5125327,54.9324497,45.7230754,51.4414711,56.4611043,54.4143794,55.5876281,64.5879334,60.2048455,65.401858,65.6174585,69.682157,71.2595214,69.3226432,77.0690025,94.2899598,90.6299824,119.254437
9.79899502,0,9.79899497,23.2019799,16.2157161,24.6166281,25.281995,32.4776093,27.1484573,33.8341796,34.6924284,27.4020101,30.711446,41.585456,39.2702965,34.349603,34.851255,28.8336168,37.2287663,28.114348,35.379559,40.0915992,41.252848,47.0469359,41.1333178,43.9839673,50.3332475,55.5482952,46.3698731,51.9588455,57.1537701,55.162657,56.2518166,65.2560653,60.6223191,66.3682198,66.4029083,70.9338053,71.8748819,69.8858819,78.1681834,95.0043894,91.1633819,119.937943
10.5527639,0,10.5527638,23.2236834,15.5598593,24.6175477,25.3271696,33.0992324,27.2311369,34.5334887,35.3284937,27.4020101,30.8156244,42.7554899,40.1251595,34.1102538,34.9086671,28.3013141,37.3492299,27.5087173,35.4068317,40.7194862,41.6676068,47.7287739,41.1609271,44.7520176,51.0505025,56.0265791,47.0422023,52.4472048,57.8501269,55.980853,56.9270779,65.9271545,61.0687123,67.3691884,67.1988053,72.3261947,72.4992789,70.4912739,79.2722437,95.7198957,91.7210842,120.639857
11.3065329,0,11.3065327,23.2433518,14.896902,24.6186633,25.3673656,33.7014648,27.3109912,35.2260402,35.9738844,27.4020101,30.9077575,43.9012638,40.9615377,33.854495,34.9626897,27.7543191,37.4618631,26.8945302,35.4330741,41.3614523,42.0797764,48.4051256,41.176049,45.5194648,51.6715465,56.3922299,47.7324334,52.9077676,58.5498731,56.8588116,57.6125151,66.6010691,61.5454736,68.4029686,68.0055641,73.8344083,73.1319221,71.1409447,80.3783266,96.4364334,92.3045716,121.360475
12.0603018,0,12.0603015,23.2612513,14.2277224,24.6199585,25.4034045,34.282892,27.3881482,35.9098681,36.629343,27.4020101,30.9895415,45.0207864,41.7605188,33.5834611,35.0135917,27.1938003,37.5673518,26.2727274,35.4582739,42.0155389,42.5112739,49.0736922,41.1833254,46.286299,52.2096822,56.6704271,48.4355038,53.3420088,59.2527399,57.7806709,58.3070955,67.2776809,62.0539058,69.4676985,68.8236847,75.4340578,73.772103,71.8367688,81.4833606,97.1539611,92.9155616,122.100171
12.8140707,0,12.8140704,23.2776055,13.5530364,24.621407,25.4359322,34.8426822,27.4627261,36.5827437,37.2951269,27.4020101,31.0624221,46.1122626,42.4566633,33.298059,35.0616206,26.6208392,37.6663003,25.6440879,35.4824422,42.6800729,43.0310101,49.7314661,41.1857613,47.0525226,52.6797261,56.8843116,49.148005,53.7515314,59.9584799,58.7294887,59.0097374,67.9568719,62.5950955,70.5614887,69.6537563,77.1036457,74.4191872,72.5802638,82.5840653,97.8724397,93.5560138,122.859401
13.5678396,0,13.5678392,23.2926005,12.8734435,24.6229837,25.4654611,35.3805678,27.5348392,37.2420666,37.9710163,27.4020101,31.1276319,47.174157,42.9756244,32.9990276,35.1069962,26.0364334,37.7592487,25.0092688,35.5056055,43.3536382,43.7173003,50.3744799,41.185309,47.818147,53.094951,57.0544372,49.867593,54.1379736,60.6668731,59.690397,59.7193894,68.6385276,63.1698229,71.6824636,70.4964497,78.8253065,75.0726005,73.3724887,83.6769837,98.5918329,94.2281093,123.638709
14.3216076,0,14.321608,23.3063957,12.1894447,24.6246608,25.4924058,35.8967349,27.6045955,37.8847739,38.6564121,27.4020101,31.1862098,48.2052726,43.3954648,32.6869774,35.1499196,25.4414975,37.8466834,24.3688279,35.527804,44.0350327,44.4965616,50.9974686,41.1832538,48.5831859,53.4659824,57.1992412,50.5926219,54.5029372,61.3777186,60.6517827,60.4350691,69.3225402,63.7784736,72.8287839,71.3525188,80.5846244,75.7318291,74.2139447,84.7585239,99.3121043,94.934206,124.438724
15.0753765,0,15.0753769,23.3191281,11.5014673,24.6264171,25.5171055,36.3916884,27.6720967,38.5072877,39.3504611,27.4020101,31.2390389,49.2048178,43.7883719,32.3624259,35.1905754,24.8368706,37.9290377,23.7232462,35.5490779,44.7232399,45.3016206,51.5934573,41.1804372,49.347652,53.8008932,57.3359711,51.3219045,54.8479497,62.0908317,61.6052563,61.1558945,70.0088078,64.4209548,73.9986784,72.2227877,82.3700905,76.3964083,75.1045113,85.8250565,100.033222,95.6767513,125.260167
15.8291454,0,15.8291457,23.3309121,10.8098794,24.6282324,25.539843,36.8661106,27.7374422,39.1055389,40.0521935,27.4020101,31.2868656,50.1724786,44.1793668,32.0258128,35.2291281,24.2233204,38.0067085,23.072941,35.5694711,45.4173982,46.1129422,52.1534108,41.1774133,50.111559,54.1057148,57.4816193,52.0545741,55.1744435,62.8060477,62.5451633,61.8810942,70.6972312,65.0966294,75.1904497,73.1081457,84.1724912,77.0659196,76.0434196,86.873044,100.755155,96.458152,126.103852
16.5829144,0,16.5829146,23.3418505,10.1149975,24.6300917,25.5608492,37.3207601,27.8007236,39.675103,40.7606294,27.4020101,31.3303216,51.1084485,44.580049,31.6775302,35.2657299,23.6015477,38.0800503,22.4182764,35.5890302,46.1167726,46.9247224,52.6662173,41.1745415,50.874907,54.3849761,57.6534648,52.7899761,55.4837462,63.5232148,63.4680276,62.61,71.3877186,65.8042839,76.4024937,74.0095314,85.9843631,77.7399824,77.0292575,87.8992186,101.477872,97.2806018,126.970686
17.3366833,0,17.3366834,23.3520276,9.4171005,24.6319799,25.5803216,37.756402,27.8620276,40.2115163,41.474843,27.4020101,31.3699447,52.013451,44.9982337,31.3179221,35.3005163,22.9721897,38.1493882,21.7595741,35.6077977,46.8207399,47.7349196,53.1195616,41.1720503,51.6376897,54.6421319,57.8686206,53.5276168,55.7770917,64.2421972,64.3720515,63.3420452,72.0801834,66.5421231,77.6333003,74.9279183,87.7995616,78.418255,78.0600465,88.9007764,102.201345,98.1458794,127.861671
18.0904522,0,18.0904523,23.3615214,8.71643342,24.6338857,25.5984296,38.1737676,27.9214397,40.7107739,42.1940013,27.4020101,31.406196,52.8887048,45.4399447,30.9473078,35.3336156,22.3358304,38.2150176,21.0971193,35.6258166,47.5287663,48.5427588,53.5021809,41.1700817,52.3998781,54.8798832,58.1421018,54.2671118,56.0556294,64.9628668,65.256691,64.0767513,72.7745402,67.3078128,78.8814611,75.8642877,89.6129221,79.1004246,79.1333342,89.8755879,102.925548,99.0551457,128.777898
18.8442211,0,18.8442211,23.3703945,8.0132098,24.6358003,25.6153141,38.5735452,27.9790377,41.1699108,42.9173744,27.4020101,31.4394648,53.7358731,45.9095842,30.5659799,35.3651394,21.6929987,38.2772048,20.4311671,35.6431281,48.240392,49.3479698,53.8072136,41.1687123,53.161407,55.1003932,58.4837362,55.0081595,56.3204523,65.6851118,66.1223103,64.8137148,73.4707111,68.0985653,80.1456633,76.819603,91.4200126,79.7862085,80.2463229,90.8223492,103.650452,100.008788,129.720546
19.59799,0,19.5979899,23.3787085,7.30762437,24.6377148,25.6310992,38.9563731,28.034897,41.5875251,43.6443392,27.4020101,31.4700892,54.5569761,46.4096972,30.1742148,35.3951972,21.0441796,38.336196,19.7619435,35.6597701,48.9552224,50.1505038,54.0348053,41.1679824,53.9221344,55.3054397,58.8957286,55.7505201,56.5726369,66.4088229,66.9698932,65.5526005,74.1686206,68.9112412,81.424691,77.7947764,93.2169447,80.4753505,81.3960088,91.7406746,104.376036,101.006322,130.690871
20.351759,0,20.3517588,23.3865113,6.59984799,24.6396231,25.645892,39.322853,28.0890905,41.9639962,44.3743681,27.4020101,31.4983606,55.354294,46.9408618,29.7722764,35.4238819,20.3898153,38.3922161,19.0896545,35.6757789,49.6729171,50.9504171,54.1919925,41.1679008,54.6817525,55.4965163,59.3729259,56.4939987,56.8133518,67.133907,67.8008128,66.2931256,74.868196,69.742495,82.7174246,78.7906394,95.0002475,81.1676168,82.579299,92.6310704,105.102276,102.046421,131.690197
21.1055279,0,21.1055276,23.3938505,5.89003518,24.6415201,25.6597852,39.6735565,28.1416834,42.3013405,45.1070151,27.4020101,31.5245289,56.1302588,47.501897,29.3604196,35.4512827,19.7303053,38.4454673,18.4144862,35.6911897,50.3931784,51.7478166,54.2899724,41.1684585,55.4395038,55.674902,59.9056445,57.238441,57.0441457,67.8602751,68.616652,67.035054,75.5693719,70.588902,84.0228279,79.8079083,96.7667726,81.8627915,83.7931294,93.4948367,105.829148,103.127014,132.719905
21.8592968,0,21.8592965,23.4007638,5.17832412,24.643402,25.6728606,40.0090302,28.1927437,42.6027575,45.8419083,27.4020101,31.5488128,56.8873555,48.0903417,28.9388945,35.4774812,19.0660188,38.4961382,17.7366068,35.7060339,51.1157513,52.5428317,54.3408505,41.1696344,56.1930389,55.8417085,60.483005,57.9837173,57.2680942,68.5878455,69.4190666,67.7781884,76.2720804,71.4471043,85.3399523,80.847147,98.5136332,82.5606809,85.034544,94.3338781,106.556633,104.245466,133.781406
22.6130657,0,22.6130653,23.4072877,4.46484045,24.6452638,25.6851897,40.3298065,28.2423317,42.8720741,46.5787362,27.4020101,31.5714008,57.6280402,48.7030352,28.5079422,35.5025528,18.3972902,38.5444008,17.0561721,35.720343,51.840407,53.335598,54.3555151,41.1713982,56.9308078,55.9979158,61.0951156,58.7297186,57.4974146,69.3165427,70.2096922,68.5223618,76.9762613,72.3139133,86.6679209,81.908745,100.238165,83.2611055,86.3007563,95.1504937,107.284709,105.39879,134.876127
23.3668346,0,23.3668342,23.4134535,3.74969975,24.6471043,25.6968367,40.6364108,28.290505,43.113245,47.3172362,27.4020101,31.5924611,58.3546633,49.3366219,28.0678028,35.5265653,17.7244284,38.5904121,16.3733216,35.7341445,52.5669485,54.126255,54.3428392,41.1737173,57.5320641,56.1443957,61.7339133,59.476358,57.8534711,70.046299,70.9900804,69.2674359,77.6818568,73.1864108,88.0059359,82.9928982,101.937907,83.9639008,87.5891822,95.9471809,108.013356,106.58384,136.005476
24.1206036,0,24.120603,23.4192915,3.03300628,24.6489196,25.7078555,40.9293593,28.3373191,43.3300251,48.0571859,27.4020101,31.6121382,59.0694246,49.9878932,27.6187136,35.5495842,17.0477123,38.6343191,15.6881847,35.7474636,53.2952035,54.9149359,54.3096985,41.176554,57.8017915,56.2819284,62.3931859,60.223559,58.5318543,70.777049,71.7616633,70.0132915,78.3888116,74.0620075,89.3532588,84.0995942,103.610601,84.6689158,88.8974661,96.7264585,108.742555,107.797489,137.170817
24.8743725,0,24.8743719,23.4248241,2.31485427,24.6507111,25.718299,41.2091658,28.3828291,43.5257827,48.7984033,27.4020101,31.6305616,59.7743392,50.6539736,27.1609095,35.5716658,16.3674008,38.676255,15.0008807,35.7603266,54.0250163,55.7017701,54.2613015,41.1798731,57.9964899,56.4112186,63.0682651,60.9712563,59.2765942,71.5087362,72.5257349,70.7598304,79.0970704,74.9384824,90.7092198,85.2286168,105.25419,85.3760138,90.2234749,97.4907475,109.47229,109.036739,138.373425
25.6281414,0,25.6281407,23.4300766,1.59533166,24.6524736,25.7282111,41.4763442,28.4270842,43.7034422,49.5407286,27.4020101,31.647843,60.4712261,51.3323945,26.6946219,35.5928656,15.6837286,38.7163417,14.3115201,35.7727563,54.7562513,56.4868756,54.2015666,41.1836369,58.173853,56.5329045,63.7556759,61.719397,60.0304899,72.2413053,73.2834447,71.5069673,79.8065842,75.8139899,92.0731972,86.3795553,106.866843,86.0850653,91.5653003,98.2422889,110.202544,110.298807,139.61446
26.3819103,0,26.3819095,23.4350678,0.874517588,24.6542085,25.7376307,41.7313995,28.4701332,43.8654862,50.2840276,27.4020101,31.6640842,61.1616947,52.0210829,26.2200817,35.6132337,14.9969133,38.7546935,13.6202035,35.7847751,55.4887877,57.2703693,54.1334472,41.1878078,58.3408907,56.6475628,64.4528191,62.4679347,60.7869912,72.974706,74.0358003,72.2546307,80.517304,76.687054,93.4446269,87.5518216,108.446969,86.7959535,92.9212387,98.983103,110.933299,111.581166,140.894925
27.1356792,0,27.1356784,23.4398191,0.152486181,24.6559158,25.7465967,41.9748354,28.5120214,44.0140038,51.0281884,27.4020101,31.6793731,61.847157,52.7183279,25.7375176,35.6328178,14.3071558,38.7914146,12.9270276,35.7964008,56.2225163,58.0523555,54.0591884,41.192353,58.4996369,56.7557224,65.1577425,63.2168266,61.5444899,73.7088907,74.7836822,73.0027575,81.2291847,77.5565377,94.8229874,88.7446771,109.99324,87.5085704,94.2897839,99.7149724,111.66454,112.88155,142.215628
27.8894482,0.570694745,28.460142,24.0150402,0,25.2282877,26.3258342,42.777848,29.1234862,44.7214397,52.3438078,27.9727048,32.2644862,63.0995314,53.9934221,25.8178505,36.2223568,14.1853329,39.397299,12.8027739,36.3783505,57.5280377,59.4036281,54.5512023,41.7679347,59.2217575,57.4285553,66.4396583,64.5367349,62.8731093,75.0145113,76.0985427,74.3219912,82.5128781,78.9923065,96.7785,90.5279598,112.075308,88.7935101,96.2402927,101.010143,112.966948,114.768651,144.147849
28.6432152,1.29496229,29.9381784,24.7436244,0,25.9542035,27.0582513,43.7238028,29.8874497,45.5721344,53.8136784,28.6969724,33.0023693,64.5027412,55.4280942,26.0441822,36.9647651,14.2144925,40.1553128,12.8304008,37.1135176,58.9881407,60.9071558,55.193691,42.497397,60.090755,58.2493807,67.8803028,66.010505,64.3554749,76.474407,77.5639095,75.7951646,83.9512198,80.5766683,98.8936018,92.4835942,114.275307,90.2335578,98.3544648,102.452829,114.423386,116.823583,146.2748
29.3969841,2.0202589,31.4172437,25.4730427,0,26.6811181,27.7913304,44.6606407,30.6514058,46.4147726,55.2851847,29.4222688,33.7405452,65.9051332,56.8688631,26.2641884,37.7075402,14.242245,40.9129962,12.8574422,37.8493756,60.4502048,62.4104799,55.8351432,43.2281671,60.9545553,59.066054,69.3262425,67.4855678,65.8389209,77.9359937,79.0277952,77.2696922,85.3916256,82.1567337,101.015347,94.4580289,116.440259,91.6760829,100.478715,103.891627,115.881294,118.892263,148.444005
30.150753,2.74653006,32.8972839,26.2032538,0,27.4089786,28.5250427,45.5887764,31.4153379,47.2503342,56.7582085,30.1485402,34.4790151,67.3073995,58.3149083,26.4780364,38.4506608,14.2686822,41.6703706,12.8839146,38.5858857,61.9141055,63.9136256,56.4763153,43.9601646,61.8134987,59.8788882,70.7767274,68.961843,67.3233241,79.3991834,80.4906168,78.7454874,86.8340025,83.7322776,103.14331,96.4501696,118.56999,93.120951,102.612073,105.327446,117.340606,120.973288,150.655198
30.9045219,3.47372484,34.3782475,26.9342173,0,28.1377324,29.2593606,46.5086219,32.1792337,48.0796457,58.2326445,30.8757349,35.2177802,68.7101168,59.7655465,26.6858882,39.1941093,14.2938882,42.4274585,12.9098354,39.3230126,63.3797299,65.4166156,57.1177927,44.6933141,62.6678781,60.6881709,72.2311508,70.4392613,68.808598,80.8638932,81.9527286,80.2224711,88.2782663,85.3032211,105.277104,98.4589146,120.664633,94.5680377,104.753678,106.761057,118.801259,123.065435,152.907853
31.6582909,4.20179796,35.8600892,27.6659008,0,28.8673367,29.9942563,47.4205741,32.9430804,48.9034083,59.7084008,31.6038078,35.956843,70.1137513,61.2202098,26.8879108,39.9378706,14.3179384,43.1842802,12.9352211,40.0607236,64.8469724,66.9194711,57.7600364,45.427544,63.517956,61.4941621,73.6890201,71.9177575,70.2946734,82.3300465,83.4144221,81.7005691,89.7243354,86.869593,107.416367,100.483181,122.724616,96.0172286,106.902769,108.193098,120.263195,125.167631,155.201176
32.4120598,4.93070459,37.3427651,28.3982676,0,29.597745,30.7297073,48.3250251,33.7068668,49.7222186,61.1853894,32.3327148,36.6961985,71.5186809,62.6784221,27.0842676,40.6819284,14.3409045,43.9408543,12.9600854,40.7989874,66.3157387,68.4222098,58.403402,46.1627889,64.3639673,62.2971055,75.1499259,73.3972714,71.781495,83.7975716,84.875941,83.1797173,91.1721319,88.431505,109.560766,102.521917,124.750629,97.4684146,109.058668,109.624106,121.726357,127.278938,157.534143
33.1658287,5.66040564,38.8262349,29.1312877,0,30.3289183,31.4656872,49.2223467,34.4705842,50.5365905,62.6635339,33.0624158,37.435848,72.9252098,64.1397814,27.2751219,41.4262701,14.362853,44.6971985,12.984446,41.5377776,67.785941,69.9248505,59.0481671,46.8989887,65.2061332,63.0972173,76.6135327,74.8777475,73.2690151,85.2664008,86.3374874,84.6598543,92.6215842,89.9891231,111.709994,104.574111,126.743604,98.921495,111.220775,111.054523,123.190695,129.39853,159.905521
33.9195976,6.39086199,40.3104598,29.8649309,0,31.0608204,32.2021759,50.1129045,35.2342261,51.3469648,64.1427638,33.7928719,38.1757852,74.3335691,65.603946,27.4606357,42.1708807,14.383843,45.4533279,13.0083141,42.2770666,69.2574975,71.4274083,59.6945477,47.6360854,66.0446545,63.8947023,78.0795553,76.3591344,74.7571922,86.7364724,87.7992261,86.1409234,94.0726244,91.5426533,113.863766,106.638804,128.70467,100.376377,113.388555,112.484717,124.656158,131.52568,162.313898
34.6733665,7.12203884,41.7954058,30.5991709,0,31.7934146,32.9391508,50.9970452,35.9977839,52.1537261,65.6230138,34.524049,38.9160088,75.7439422,67.0706244,27.6409686,42.91575,14.4039334,46.2092575,13.031706,43.0168291,70.7303354,72.9298982,60.342706,48.3740264,66.8797224,64.6897425,79.5477525,77.8413857,76.2459912,88.2077249,89.2612927,87.6228756,95.5251884,93.0923229,116.02182,108.715089,130.635112,101.832972,115.561531,113.914992,126.122701,133.659744,164.757727
35.4271355,7.85390329,43.2810389,31.3339799,0,32.5266683,33.676593,51.8751018,36.7612525,52.9572073,67.1042249,35.2559133,39.6565126,77.1564585,68.5395691,27.8162776,43.6608656,14.4231746,46.9650013,13.0546344,43.757044,72.2043819,74.4323342,60.9927651,49.1127638,67.7115101,65.4825113,81.0179183,79.3244573,77.7353769,89.6801055,90.7237977,89.1056633,96.9792161,94.6383719,118.183911,110.802122,132.536342,103.291198,117.739275,115.345599,127.590281,135.800155,167.235356
36.1809044,8.58642197,44.7673266,32.0693329,0,33.2605515,34.4144849,52.747397,37.5246281,53.7577035,68.5863442,35.9884322,40.3972927,78.5712136,70.0105616,27.9867173,44.4062173,14.4416168,47.7205716,13.0771118,44.4976884,73.6795754,75.9347249,61.6448166,49.8522513,68.5401859,66.2731621,82.4898756,80.8083065,79.2253191,91.1535616,92.1868304,90.5892437,98.4346482,96.1810427,120.349812,112.899111,134.409854,104.750979,119.921406,116.776739,129.058858,137.946406,169.745067
36.9346733,9.31956768,46.2542412,32.8052085,0,33.9950352,35.1528053,53.6142324,38.2879058,54.5554711,70.0693204,36.7215779,41.1383442,79.9882688,71.4834158,28.152441,45.1517952,14.459304,48.4759812,13.099152,45.2387412,75.1558555,77.4370842,62.2989234,50.5924447,69.3659033,67.0618417,83.9634698,82.2928982,80.7157927,92.628044,93.6504585,92.0735754,99.8914309,97.7205741,122.519313,115.005324,136.257192,106.21224,122.107579,118.208579,130.528391,140.098046,172.285111
37.6884422,10.0533133,47.741755,33.5415829,0,34.7300905,35.8915402,54.4758982,39.0510829,55.3507399,71.553108,37.4553229,41.8796608,81.4076595,72.9579686,28.3135942,45.8975892,14.4762789,49.2312399,13.1207638,45.9801859,76.6331658,78.9394196,62.9551256,51.3333053,70.1888078,67.8486796,85.4385678,83.7781947,82.2067714,94.1035088,95.1147399,93.5586219,101.349513,99.2571997,124.692219,117.120084,138.079916,107.674915,124.297485,119.641255,131.998844,142.254672,174.85373
38.4422112,10.7876291,49.2298405,34.2784372,0,35.4656947,36.6306734,55.3326709,39.8141545,56.1437136,73.0376658,38.1896394,42.6212374,82.8293995,74.4340779,28.4703254,46.6435905,14.4925791,49.986358,13.1419623,46.7220038,78.1114573,80.4417412,63.6134497,52.0747952,71.0090364,68.633799,86.9150515,85.2641633,83.6982299,95.5799108,96.5797161,95.0443492,102.808843,100.791141,126.868347,119.242768,139.879579,109.138941,126.490847,121.074872,133.470183,144.415921,177.449192
39.1959801,11.5224962,50.7184761,35.0157513,0,36.2018229,37.3701872,56.1848116,40.5771206,56.9345716,74.5229535,38.9245063,43.3630678,84.2534824,75.9116143,28.6227739,47.3897915,14.5082437,50.7413467,13.1627563,47.4641771,79.5906784,81.9440565,64.2739033,52.8168794,71.8267198,69.4173128,88.3928153,86.7507739,85.1901495,97.0572098,98.0454183,96.5307236,104.269378,102.322607,129.047526,121.372798,141.657705,110.604256,128.687413,122.509518,134.942374,146.581467,180.069804
39.949749,12.2578869,52.2076357,35.753505,0,36.9384523,38.1100691,57.0325666,41.3399799,57.7234774,76.0089347,39.659897,44.105147,85.6798907,77.3904686,28.7710779,48.1361834,14.5233053,51.4962123,13.183157,48.2066922,81.0707864,83.4463706,64.9364849,53.5595264,72.6419786,70.1993241,89.8717676,88.2379962,86.6825075,98.5353693,99.5118719,98.0177148,105.73107,103.851795,131.229601,123.509648,143.415771,112.070805,130.886954,123.945256,136.415388,148.751016,182.713931
40.7035179,12.9937811,53.697299,36.4916834,0,37.6755616,38.850304,57.8761721,42.1027274,58.5105766,77.4955741,40.3957915,44.8474698,87.1085942,78.8705415,28.9153744,48.8827588,14.5377965,52.2509648,13.2031759,48.9495327,82.5517387,84.9486922,65.6011822,54.3027048,73.4549271,70.9799284,91.3518254,89.725804,88.1752852,100.014351,100.97909,99.5052965,107.193879,105.378891,133.414421,125.652832,145.155196,113.538534,133.089263,125.382141,137.889193,150.924302,185.380004
41.4572868,13.7301598,55.187446,37.2302688,0,38.4131307,39.5908794,58.715848,42.8653668,59.2960013,78.982843,41.1321696,45.5900289,88.539554,80.3517425,29.0557915,49.6295126,14.551745,53.0056106,13.2228216,49.6926847,84.0334962,86.4510264,66.2679749,55.0463857,74.2656746,71.7592161,92.8329146,91.2141709,89.6684661,101.494122,102.447084,100.993442,108.657766,106.904064,135.601848,127.801903,146.877329,115.007393,135.294152,126.820207,139.363764,153.101083,188.066534
42.2110558,14.467,56.6780553,37.969245,0,39.1511407,40.3317839,59.551804,43.6278932,60.0798693,80.4707098,41.8690101,46.3328204,89.9727249,81.8339937,29.1924573,50.3764359,14.5651809,53.760157,13.2421043,50.4361369,85.5160201,87.9533769,66.9368392,55.7905427,75.0743241,72.5372676,94.3149686,92.7030741,91.1620327,102.974649,103.915858,102.482126,110.12269,108.427474,137.791755,129.956455,148.583448,116.477335,137.501451,128.259481,140.839069,155.281138,190.772111
42.9648247,15.2042866,58.1691106,38.7085967,0,39.8895741,41.0730038,60.3842374,44.390309,60.8622889,81.959147,42.6062965,47.0758367,91.408054,83.3172236,29.3254937,51.1235226,14.5781294,54.5146118,13.2610352,51.1798744,86.9992789,89.45575,67.6077425,56.5351508,75.8809711,73.3141595,95.7979271,94.1924887,92.6559686,104.455905,105.385411,103.971324,111.588616,109.949263,139.984019,132.116109,150.274754,117.948315,139.711003,129.699982,142.315088,157.464266,193.495413
43.7185936,15.9420004,59.660593,39.4483116,0,40.6284146,41.8145289,61.2133354,45.1526131,61.6433593,83.4481294,43.3440101,47.8190741,92.8454874,84.8013681,29.4550214,51.8707676,14.5906143,55.2689799,13.2796206,51.9238869,88.4832387,90.9581482,68.2806495,57.2801859,76.6857073,74.0899623,97.2817362,95.6823945,94.1502588,105.937856,106.855741,105.461016,113.055508,111.469568,142.178528,134.280524,151.952368,119.42029,141.922663,131.141719,143.791793,159.650285,196.2352
44.4723625,16.6801262,61.1524874,40.1883744,0,41.3676445,42.5563467,62.0392726,45.9148053,62.4231683,84.9376332,44.0821357,48.5625251,94.2849661,86.2863668,29.5811558,52.6181646,14.6026583,56.0232676,13.2978719,52.6681633,89.9678681,92.4605754,68.9555239,58.0256269,77.4886193,74.8647412,98.7663455,97.1727714,95.6448907,107.420477,108.326843,106.951182,114.523334,112.988513,144.375173,136.449381,153.617335,120.893221,144.136303,132.584692,145.269163,161.839024,198.990315
45.2261314,17.4186459,62.6447764,40.9287739,0,42.10725,43.2984497,62.8622136,46.6768869,63.2017977,86.4276344,44.8206558,49.3061859,95.7264334,87.7721696,29.7040088,53.3657085,14.6142839,56.7774799,13.3157952,53.4126935,91.4531382,93.9630352,69.6323241,58.771451,78.2897902,75.6385565,100.25171,98.6636005,97.1398492,108.903744,109.798706,108.441802,115.992063,114.506207,146.573857,138.622389,155.270628,122.367069,146.3518,134.028903,146.747175,164.030329,201.759683
45.9799004,18.157547,64.137446,41.6694962,0,42.8472148,44.0408254,63.6823153,47.4388568,63.9793229,87.9181131,45.5595565,50.0500503,97.1698266,89.2587274,29.8236872,54.1133945,14.6255113,57.5316219,13.3333995,54.1574661,92.9390239,95.4655289,70.3110075,59.517642,79.0892965,76.4114648,101.737786,100.154864,98.6351244,110.387628,111.271322,109.932857,117.461663,116.022758,148.774485,140.799281,156.913144,123.841798,148.569045,135.474344,148.225808,166.224058,204.542308
46.7336693,18.8968143,65.6304824,42.4105314,0,43.5875276,44.7834661,64.4997261,48.2007173,64.7558116,89.409049,46.2988241,50.7941131,98.6150854,90.745995,29.9402977,54.8612173,14.636358,58.2856985,13.3506947,54.9024736,94.4254975,96.9680616,70.9915327,60.2641784,79.8872111,77.1835176,103.224538,101.646544,100.130701,111.872109,112.744678,111.42433,118.932108,117.538258,150.976969,142.979812,158.545716,125.317374,150.787935,136.921004,149.705043,168.420078,207.337263
47.4874382,19.6364346,67.1238719,43.1518668,0,44.3281746,45.5263606,65.3145817,48.9624673,65.5313279,90.9004234,47.0384447,51.5383681,100.062149,92.2339334,30.0539397,55.6091721,14.646843,59.0397123,13.3676859,55.6477048,95.9125352,98.4706332,71.673853,61.0110452,80.6836055,77.9547663,104.71193,103.138626,101.62657,113.357165,114.218763,112.916206,120.403367,119.052794,153.181224,145.163753,160.169108,126.793766,153.008376,138.368871,151.184858,170.618269,210.143695
48.2412071,20.3763962,68.6176018,43.8934925,0,45.0691432,46.2695038,66.1270138,49.7241093,66.3059296,92.3922173,47.7784058,52.2828128,101.51096,93.7225038,30.1647111,56.357255,14.6569824,59.7936709,13.3843832,56.3931533,97.4001156,99.9732462,72.3579246,61.7582236,81.478544,78.7252525,106.199927,104.631092,103.12272,114.842771,115.693562,114.408469,121.875415,120.566447,155.387175,147.350896,161.784026,128.270942,155.230281,139.817927,152.665237,172.818516,212.960813
48.994976,21.116684,70.1116583,44.6353995,0,45.8104209,47.0128844,66.9371445,50.4856432,67.0796696,93.8844146,48.5186935,53.027441,102.961456,95.2116746,30.272706,57.1054611,14.6667927,60.5475741,13.4007902,57.138809,98.8882161,101.475902,73.0437023,62.505701,82.2720905,79.4950226,107.688503,106.12393,104.619141,116.328912,117.169059,115.901103,123.348226,122.079289,157.594745,149.541046,163.391119,129.748873,157.453572,141.268157,154.146163,175.020716,215.787889
49.748745,21.8572884,71.6060327,45.3775766,0,46.5519987,47.756495,67.7450905,51.2470716,67.8525992,95.3769987,49.259299,53.7722475,104.413579,96.7014133,30.3780163,57.8537864,14.6762889,61.3014284,13.4169183,57.8846658,100.376815,102.978603,73.7311432,63.2534611,83.064304,80.2641131,109.177627,107.617124,106.115823,117.815565,118.645241,117.394095,124.821778,123.591387,159.803867,151.734026,164.990985,131.22753,159.678172,142.71954,155.627618,177.22477,218.624251
50.5025139,22.5981979,73.1007111,46.1200151,0,47.2938631,48.5003291,68.5509611,52.0083932,68.6247613,96.869956,50.0002085,54.5172286,105.867275,98.1916897,30.4807286,58.6022274,14.6854837,62.0552349,13.4327714,58.6307161,101.865896,104.481348,74.4201997,64.0014899,83.8552412,81.0325616,110.667274,109.110663,107.612756,119.302714,120.122093,118.887433,126.296045,125.1028,162.014474,153.929672,166.58417,132.706888,161.904011,144.172057,157.109585,179.430589,221.469276
51.2562828,23.3394051,74.5956859,46.8627073,0,48.0360063,49.2443807,69.3548568,52.7696106,69.396201,98.3632726,50.7414146,55.2623794,107.322487,99.6824786,30.5809271,59.3507802,14.6943907,62.8089987,13.4483568,59.3769523,103.355437,105.984141,75.1108304,64.7497764,84.6449548,81.8004033,112.15742,110.604535,109.109935,120.790339,121.599599,120.381104,127.771006,126.613588,164.226504,156.12783,168.17118,134.186922,164.131028,145.625685,158.59205,181.638088,224.322393
52.0100517,24.0808945,76.0909447,47.6056432,0,48.7784183,49.9886394,70.1568769,53.5307249,70.1669573,99.8569334,51.4829045,56.0076947,108.779162,101.173754,30.6786947,60.099441,14.7030239,63.5627211,13.4636809,60.1233693,104.845425,107.486981,75.8029899,65.4983065,85.4334962,82.5676696,113.648041,112.098726,110.607345,122.278427,123.077744,121.875097,129.246641,128.123798,166.439898,158.328358,169.752475,135.667608,166.359161,147.080405,160.074997,183.847187,227.183074
52.7638206,24.8226604,77.5864786,48.3488166,,49.5210892,50.7331018,70.9571106,54.2917374,70.9370666,101.350926,52.2246696,56.7531709,110.237247,102.665492,30.774108,60.8482073,14.7113932,64.3164045,13.47875,60.8699585,106.335839,108.989869,76.4966357,66.2470704,86.2209146,83.334392,115.139118,113.593225,112.104985,123.76696,124.556511,123.369397,130.722927,129.633479,168.654601,160.531124,171.328482,137.148922,168.588353,148.536191,161.558413,186.057814,230.05083